"top_left_square","top_middle_square","top_right_square","middle_left_square","middle_middle_square","middle_right_square","bottom_left_square","bottom_middle_square","bottom_right_square","class"
"x","x","x","x","o","o","x","o","o","win"
"x","x","x","x","o","o","o","x","o","win"
"x","x","x","x","o","o","o","o","x","win"
"x","x","x","x","o","o","o","b","b","win"
"x","x","x","x","o","o","b","o","b","win"
"x","x","x","x","o","o","b","b","o","win"
"x","x","x","x","o","b","o","o","b","win"
"x","x","x","x","o","b","o","b","o","win"
"x","x","x","x","o","b","b","o","o","win"
"x","x","x","x","b","o","o","o","b","win"
"x","x","x","x","b","o","o","b","o","win"
"x","x","x","x","b","o","b","o","o","win"
"x","x","x","o","x","o","x","o","o","win"
"x","x","x","o","x","o","o","x","o","win"
"x","x","x","o","x","o","o","o","x","win"
"x","x","x","o","x","o","o","b","b","win"
"x","x","x","o","x","o","b","o","b","win"
"x","x","x","o","x","o","b","b","o","win"
"x","x","x","o","x","b","o","o","b","win"
"x","x","x","o","x","b","o","b","o","win"
"x","x","x","o","x","b","b","o","o","win"
"x","x","x","o","o","x","x","o","o","win"
"x","x","x","o","o","x","o","x","o","win"
"x","x","x","o","o","x","o","o","x","win"
"x","x","x","o","o","x","o","b","b","win"
"x","x","x","o","o","x","b","o","b","win"
"x","x","x","o","o","x","b","b","o","win"
"x","x","x","o","o","b","x","o","b","win"
"x","x","x","o","o","b","x","b","o","win"
"x","x","x","o","o","b","o","x","b","win"
"x","x","x","o","o","b","o","b","x","win"
"x","x","x","o","o","b","b","x","o","win"
"x","x","x","o","o","b","b","o","x","win"
"x","x","x","o","o","b","b","b","b","win"
"x","x","x","o","b","x","o","o","b","win"
"x","x","x","o","b","x","o","b","o","win"
"x","x","x","o","b","x","b","o","o","win"
"x","x","x","o","b","o","x","o","b","win"
"x","x","x","o","b","o","x","b","o","win"
"x","x","x","o","b","o","o","x","b","win"
"x","x","x","o","b","o","o","b","x","win"
"x","x","x","o","b","o","b","x","o","win"
"x","x","x","o","b","o","b","o","x","win"
"x","x","x","o","b","o","b","b","b","win"
"x","x","x","o","b","b","x","o","o","win"
"x","x","x","o","b","b","o","x","o","win"
"x","x","x","o","b","b","o","o","x","win"
"x","x","x","o","b","b","o","b","b","win"
"x","x","x","o","b","b","b","o","b","win"
"x","x","x","o","b","b","b","b","o","win"
"x","x","x","b","x","o","o","o","b","win"
"x","x","x","b","x","o","o","b","o","win"
"x","x","x","b","x","o","b","o","o","win"
"x","x","x","b","o","x","o","o","b","win"
"x","x","x","b","o","x","o","b","o","win"
"x","x","x","b","o","x","b","o","o","win"
"x","x","x","b","o","o","x","o","b","win"
"x","x","x","b","o","o","x","b","o","win"
"x","x","x","b","o","o","o","x","b","win"
"x","x","x","b","o","o","o","b","x","win"
"x","x","x","b","o","o","b","x","o","win"
"x","x","x","b","o","o","b","o","x","win"
"x","x","x","b","o","o","b","b","b","win"
"x","x","x","b","o","b","x","o","o","win"
"x","x","x","b","o","b","o","x","o","win"
"x","x","x","b","o","b","o","o","x","win"
"x","x","x","b","o","b","o","b","b","win"
"x","x","x","b","o","b","b","o","b","win"
"x","x","x","b","o","b","b","b","o","win"
"x","x","x","b","b","o","x","o","o","win"
"x","x","x","b","b","o","o","x","o","win"
"x","x","x","b","b","o","o","o","x","win"
"x","x","x","b","b","o","o","b","b","win"
"x","x","x","b","b","o","b","o","b","win"
"x","x","x","b","b","o","b","b","o","win"
"x","x","x","b","b","b","o","o","b","win"
"x","x","x","b","b","b","o","b","o","win"
"x","x","x","b","b","b","b","o","o","win"
"x","x","o","x","x","o","o","o","x","win"
"x","x","o","x","o","x","x","o","o","win"
"x","x","o","x","o","o","x","o","x","win"
"x","x","o","x","o","o","x","b","b","win"
"x","x","o","x","o","b","x","o","b","win"
"x","x","o","x","o","b","x","b","o","win"
"x","x","o","x","b","o","x","o","b","win"
"x","x","o","x","b","b","x","o","o","win"
"x","x","o","o","x","x","o","x","o","win"
"x","x","o","o","x","x","o","o","x","win"
"x","x","o","o","x","o","x","o","x","win"
"x","x","o","o","x","o","o","x","x","win"
"x","x","o","o","x","o","b","x","b","win"
"x","x","o","o","x","o","b","b","x","win"
"x","x","o","o","x","b","o","x","b","win"
"x","x","o","o","x","b","o","b","x","win"
"x","x","o","o","x","b","b","x","o","win"
"x","x","o","o","x","b","b","o","x","win"
"x","x","o","b","x","o","o","x","b","win"
"x","x","o","b","x","o","o","b","x","win"
"x","x","o","b","x","o","b","o","x","win"
"x","x","o","b","x","b","o","x","o","win"
"x","x","o","b","x","b","o","o","x","win"
"x","x","b","x","o","o","x","o","b","win"
"x","x","b","x","o","o","x","b","o","win"
"x","x","b","x","o","b","x","o","o","win"
"x","x","b","x","b","o","x","o","o","win"
"x","x","b","o","x","o","o","x","b","win"
"x","x","b","o","x","o","o","b","x","win"
"x","x","b","o","x","o","b","x","o","win"
"x","x","b","o","x","o","b","o","x","win"
"x","x","b","o","x","b","o","x","o","win"
"x","x","b","o","x","b","o","o","x","win"
"x","x","b","b","x","o","o","x","o","win"
"x","x","b","b","x","o","o","o","x","win"
"x","o","x","x","x","o","x","o","o","win"
"x","o","x","x","x","o","o","o","x","win"
"x","o","x","x","o","o","x","x","o","win"
"x","o","x","x","o","o","x","b","b","win"
"x","o","x","x","o","b","x","b","o","win"
"x","o","x","x","b","o","x","o","b","win"
"x","o","x","x","b","o","x","b","o","win"
"x","o","x","x","b","b","x","o","o","win"
"x","o","x","o","x","x","x","o","o","win"
"x","o","x","o","x","x","o","o","x","win"
"x","o","x","o","x","o","x","x","o","win"
"x","o","x","o","x","o","x","o","x","win"
"x","o","x","o","x","o","x","b","b","win"
"x","o","x","o","x","o","o","x","x","win"
"x","o","x","o","x","o","b","b","x","win"
"x","o","x","o","x","b","x","o","b","win"
"x","o","x","o","x","b","x","b","o","win"
"x","o","x","o","x","b","o","b","x","win"
"x","o","x","o","x","b","b","o","x","win"
"x","o","x","o","o","x","o","x","x","win"
"x","o","x","o","o","x","b","b","x","win"
"x","o","x","o","b","x","o","b","x","win"
"x","o","x","o","b","x","b","o","x","win"
"x","o","x","b","x","o","x","o","b","win"
"x","o","x","b","x","o","x","b","o","win"
"x","o","x","b","x","o","o","b","x","win"
"x","o","x","b","x","o","b","o","x","win"
"x","o","x","b","x","b","x","o","o","win"
"x","o","x","b","x","b","o","o","x","win"
"x","o","x","b","o","x","o","b","x","win"
"x","o","x","b","b","x","o","o","x","win"
"x","o","o","x","x","x","x","o","o","win"
"x","o","o","x","x","x","o","x","o","win"
"x","o","o","x","x","x","o","o","x","win"
"x","o","o","x","x","x","o","b","b","win"
"x","o","o","x","x","x","b","o","b","win"
"x","o","o","x","x","x","b","b","o","win"
"x","o","o","x","x","o","x","o","x","win"
"x","o","o","x","x","o","x","b","b","win"
"x","o","o","x","x","o","o","x","x","win"
"x","o","o","x","x","o","b","b","x","win"
"x","o","o","x","x","b","x","o","b","win"
"x","o","o","x","x","b","x","b","o","win"
"x","o","o","x","x","b","o","b","x","win"
"x","o","o","x","x","b","b","o","x","win"
"x","o","o","x","o","x","x","x","o","win"
"x","o","o","x","o","x","x","b","b","win"
"x","o","o","x","o","o","x","x","x","win"
"x","o","o","x","o","b","x","x","b","win"
"x","o","o","x","o","b","x","b","x","win"
"x","o","o","x","b","x","x","o","b","win"
"x","o","o","x","b","x","x","b","o","win"
"x","o","o","x","b","o","x","x","b","win"
"x","o","o","x","b","o","x","b","x","win"
"x","o","o","x","b","b","x","x","o","win"
"x","o","o","x","b","b","x","o","x","win"
"x","o","o","x","b","b","x","b","b","win"
"x","o","o","o","x","x","x","o","x","win"
"x","o","o","o","x","x","o","x","x","win"
"x","o","o","o","x","x","b","b","x","win"
"x","o","o","o","x","o","x","x","x","win"
"x","o","o","o","x","b","x","b","x","win"
"x","o","o","o","x","b","b","x","x","win"
"x","o","o","o","o","x","x","x","x","win"
"x","o","o","o","b","b","x","x","x","win"
"x","o","o","b","x","x","o","b","x","win"
"x","o","o","b","x","x","b","o","x","win"
"x","o","o","b","x","o","x","b","x","win"
"x","o","o","b","x","o","b","x","x","win"
"x","o","o","b","x","b","x","o","x","win"
"x","o","o","b","x","b","o","x","x","win"
"x","o","o","b","x","b","b","b","x","win"
"x","o","o","b","o","b","x","x","x","win"
"x","o","o","b","b","o","x","x","x","win"
"x","o","b","x","x","x","o","o","b","win"
"x","o","b","x","x","x","o","b","o","win"
"x","o","b","x","x","x","b","o","o","win"
"x","o","b","x","x","o","x","o","b","win"
"x","o","b","x","x","o","x","b","o","win"
"x","o","b","x","x","o","o","b","x","win"
"x","o","b","x","x","o","b","o","x","win"
"x","o","b","x","x","b","x","o","o","win"
"x","o","b","x","x","b","o","o","x","win"
"x","o","b","x","o","x","x","b","o","win"
"x","o","b","x","o","o","x","x","b","win"
"x","o","b","x","o","o","x","b","x","win"
"x","o","b","x","o","b","x","x","o","win"
"x","o","b","x","o","b","x","b","b","win"
"x","o","b","x","b","x","x","o","o","win"
"x","o","b","x","b","o","x","x","o","win"
"x","o","b","x","b","o","x","o","x","win"
"x","o","b","x","b","o","x","b","b","win"
"x","o","b","x","b","b","x","o","b","win"
"x","o","b","x","b","b","x","b","o","win"
"x","o","b","o","x","x","o","b","x","win"
"x","o","b","o","x","x","b","o","x","win"
"x","o","b","o","x","o","x","b","x","win"
"x","o","b","o","x","o","b","x","x","win"
"x","o","b","o","x","b","x","o","x","win"
"x","o","b","o","x","b","o","x","x","win"
"x","o","b","o","x","b","b","b","x","win"
"x","o","b","o","o","b","x","x","x","win"
"x","o","b","o","b","o","x","x","x","win"
"x","o","b","b","x","x","o","o","x","win"
"x","o","b","b","x","o","x","o","x","win"
"x","o","b","b","x","o","o","x","x","win"
"x","o","b","b","x","o","b","b","x","win"
"x","o","b","b","x","b","o","b","x","win"
"x","o","b","b","x","b","b","o","x","win"
"x","o","b","b","o","o","x","x","x","win"
"x","b","x","x","o","o","x","o","b","win"
"x","b","x","x","o","o","x","b","o","win"
"x","b","x","x","o","b","x","o","o","win"
"x","b","x","x","b","o","x","o","o","win"
"x","b","x","o","x","o","x","o","b","win"
"x","b","x","o","x","o","x","b","o","win"
"x","b","x","o","x","o","o","b","x","win"
"x","b","x","o","x","o","b","o","x","win"
"x","b","x","o","x","b","x","o","o","win"
"x","b","x","o","x","b","o","o","x","win"
"x","b","x","o","o","x","o","b","x","win"
"x","b","x","o","o","x","b","o","x","win"
"x","b","x","o","b","x","o","o","x","win"
"x","b","x","b","x","o","x","o","o","win"
"x","b","x","b","x","o","o","o","x","win"
"x","b","x","b","o","x","o","o","x","win"
"x","b","o","x","x","x","o","o","b","win"
"x","b","o","x","x","x","o","b","o","win"
"x","b","o","x","x","x","b","o","o","win"
"x","b","o","x","x","o","x","o","b","win"
"x","b","o","x","x","o","o","b","x","win"
"x","b","o","x","x","o","b","o","x","win"
"x","b","o","x","x","b","x","o","o","win"
"x","b","o","x","x","b","o","o","x","win"
"x","b","o","x","o","x","x","o","b","win"
"x","b","o","x","o","x","x","b","o","win"
"x","b","o","x","o","o","x","x","b","win"
"x","b","o","x","o","o","x","b","x","win"
"x","b","o","x","o","b","x","x","o","win"
"x","b","o","x","o","b","x","o","x","win"
"x","b","o","x","o","b","x","b","b","win"
"x","b","o","x","b","x","x","o","o","win"
"x","b","o","x","b","o","x","o","x","win"
"x","b","o","x","b","o","x","b","b","win"
"x","b","o","x","b","b","x","o","b","win"
"x","b","o","x","b","b","x","b","o","win"
"x","b","o","o","x","x","o","b","x","win"
"x","b","o","o","x","x","b","o","x","win"
"x","b","o","o","x","o","x","b","x","win"
"x","b","o","o","x","o","b","x","x","win"
"x","b","o","o","x","b","x","o","x","win"
"x","b","o","o","x","b","o","x","x","win"
"x","b","o","o","x","b","b","b","x","win"
"x","b","o","o","o","b","x","x","x","win"
"x","b","o","o","b","o","x","x","x","win"
"x","b","o","b","x","x","o","o","x","win"
"x","b","o","b","x","o","x","o","x","win"
"x","b","o","b","x","o","o","x","x","win"
"x","b","o","b","x","o","b","b","x","win"
"x","b","o","b","x","b","o","b","x","win"
"x","b","o","b","x","b","b","o","x","win"
"x","b","o","b","o","o","x","x","x","win"
"x","b","b","x","x","o","x","o","o","win"
"x","b","b","x","x","o","o","o","x","win"
"x","b","b","x","o","x","x","o","o","win"
"x","b","b","x","o","o","x","x","o","win"
"x","b","b","x","o","o","x","o","x","win"
"x","b","b","x","o","o","x","b","b","win"
"x","b","b","x","o","b","x","o","b","win"
"x","b","b","x","o","b","x","b","o","win"
"x","b","b","x","b","o","x","o","b","win"
"x","b","b","x","b","o","x","b","o","win"
"x","b","b","x","b","b","x","o","o","win"
"x","b","b","o","x","x","o","o","x","win"
"x","b","b","o","x","o","x","o","x","win"
"x","b","b","o","x","o","o","x","x","win"
"x","b","b","o","x","o","b","b","x","win"
"x","b","b","o","x","b","o","b","x","win"
"x","b","b","o","x","b","b","o","x","win"
"x","b","b","b","x","o","o","b","x","win"
"x","b","b","b","x","o","b","o","x","win"
"x","b","b","b","x","b","o","o","x","win"
"o","x","x","x","x","o","x","o","o","win"
"o","x","x","x","x","o","o","x","o","win"
"o","x","x","x","o","x","o","o","x","win"
"o","x","x","o","x","x","x","o","o","win"
"o","x","x","o","x","o","x","x","o","win"
"o","x","x","o","x","o","x","o","x","win"
"o","x","x","o","x","o","x","b","b","win"
"o","x","x","o","x","o","b","x","b","win"
"o","x","x","o","x","b","x","o","b","win"
"o","x","x","o","x","b","x","b","o","win"
"o","x","x","o","x","b","b","x","o","win"
"o","x","x","o","o","x","x","o","x","win"
"o","x","x","o","o","x","b","b","x","win"
"o","x","x","o","b","x","b","o","x","win"
"o","x","x","b","x","o","x","o","b","win"
"o","x","x","b","x","o","x","b","o","win"
"o","x","x","b","x","o","o","x","b","win"
"o","x","x","b","x","o","b","x","o","win"
"o","x","x","b","x","b","x","o","o","win"
"o","x","x","b","x","b","o","x","o","win"
"o","x","x","b","o","x","o","b","x","win"
"o","x","x","b","o","x","b","o","x","win"
"o","x","x","b","b","x","o","o","x","win"
"o","x","o","x","x","x","x","o","o","win"
"o","x","o","x","x","x","o","x","o","win"
"o","x","o","x","x","x","o","o","x","win"
"o","x","o","x","x","x","o","b","b","win"
"o","x","o","x","x","x","b","o","b","win"
"o","x","o","x","x","x","b","b","o","win"
"o","x","o","x","x","o","o","x","x","win"
"o","x","o","x","x","o","b","x","b","win"
"o","x","o","x","x","b","o","x","b","win"
"o","x","o","x","x","b","b","x","o","win"
"o","x","o","x","o","o","x","x","x","win"
"o","x","o","o","x","x","x","x","o","win"
"o","x","o","o","x","x","b","x","b","win"
"o","x","o","o","x","o","x","x","x","win"
"o","x","o","o","x","b","x","x","b","win"
"o","x","o","o","x","b","b","x","x","win"
"o","x","o","o","o","x","x","x","x","win"
"o","x","o","o","b","b","x","x","x","win"
"o","x","o","b","x","x","o","x","b","win"
"o","x","o","b","x","x","b","x","o","win"
"o","x","o","b","x","o","x","x","b","win"
"o","x","o","b","x","o","b","x","x","win"
"o","x","o","b","x","b","x","x","o","win"
"o","x","o","b","x","b","o","x","x","win"
"o","x","o","b","x","b","b","x","b","win"
"o","x","o","b","o","b","x","x","x","win"
"o","x","o","b","b","o","x","x","x","win"
"o","x","b","x","x","x","o","o","b","win"
"o","x","b","x","x","x","o","b","o","win"
"o","x","b","x","x","x","b","o","o","win"
"o","x","b","x","x","o","o","x","b","win"
"o","x","b","x","x","o","b","x","o","win"
"o","x","b","x","x","b","o","x","o","win"
"o","x","b","o","x","x","b","x","o","win"
"o","x","b","o","x","o","x","x","b","win"
"o","x","b","o","x","o","b","x","x","win"
"o","x","b","o","x","b","x","x","o","win"
"o","x","b","o","x","b","b","x","b","win"
"o","x","b","o","o","b","x","x","x","win"
"o","x","b","o","b","o","x","x","x","win"
"o","x","b","b","x","x","o","x","o","win"
"o","x","b","b","x","o","x","x","o","win"
"o","x","b","b","x","o","o","x","x","win"
"o","x","b","b","x","o","b","x","b","win"
"o","x","b","b","x","b","o","x","b","win"
"o","x","b","b","x","b","b","x","o","win"
"o","x","b","b","o","o","x","x","x","win"
"o","o","x","x","x","x","x","o","o","win"
"o","o","x","x","x","x","o","x","o","win"
"o","o","x","x","x","x","o","o","x","win"
"o","o","x","x","x","x","o","b","b","win"
"o","o","x","x","x","x","b","o","b","win"
"o","o","x","x","x","x","b","b","o","win"
"o","o","x","x","x","o","x","x","o","win"
"o","o","x","x","x","o","x","o","x","win"
"o","o","x","x","x","o","x","b","b","win"
"o","o","x","x","x","b","x","o","b","win"
"o","o","x","x","x","b","x","b","o","win"
"o","o","x","x","o","x","o","x","x","win"
"o","o","x","x","o","x","b","b","x","win"
"o","o","x","x","o","o","x","x","x","win"
"o","o","x","x","b","x","o","b","x","win"
"o","o","x","x","b","x","b","o","x","win"
"o","o","x","o","x","x","x","x","o","win"
"o","o","x","o","x","x","x","o","x","win"
"o","o","x","o","x","x","x","b","b","win"
"o","o","x","o","x","x","b","b","x","win"
"o","o","x","o","x","o","x","x","x","win"
"o","o","x","o","x","b","x","x","b","win"
"o","o","x","o","x","b","x","b","x","win"
"o","o","x","o","o","x","x","x","x","win"
"o","o","x","o","b","x","x","b","x","win"
"o","o","x","o","b","x","b","x","x","win"
"o","o","x","o","b","b","x","x","x","win"
"o","o","x","b","x","x","x","o","b","win"
"o","o","x","b","x","x","x","b","o","win"
"o","o","x","b","x","x","o","b","x","win"
"o","o","x","b","x","x","b","o","x","win"
"o","o","x","b","x","o","x","x","b","win"
"o","o","x","b","x","o","x","b","x","win"
"o","o","x","b","x","b","x","x","o","win"
"o","o","x","b","x","b","x","o","x","win"
"o","o","x","b","x","b","x","b","b","win"
"o","o","x","b","o","x","x","b","x","win"
"o","o","x","b","o","x","b","x","x","win"
"o","o","x","b","o","b","x","x","x","win"
"o","o","x","b","b","x","x","o","x","win"
"o","o","x","b","b","x","o","x","x","win"
"o","o","x","b","b","x","b","b","x","win"
"o","o","x","b","b","o","x","x","x","win"
"o","o","b","x","x","x","x","o","b","win"
"o","o","b","x","x","x","x","b","o","win"
"o","o","b","x","x","x","o","x","b","win"
"o","o","b","x","x","x","o","b","x","win"
"o","o","b","x","x","x","b","x","o","win"
"o","o","b","x","x","x","b","o","x","win"
"o","o","b","x","x","x","b","b","b","win"
"o","o","b","x","o","b","x","x","x","win"
"o","o","b","x","b","o","x","x","x","win"
"o","o","b","o","x","b","x","x","x","win"
"o","o","b","o","b","x","x","x","x","win"
"o","o","b","b","x","o","x","x","x","win"
"o","o","b","b","o","x","x","x","x","win"
"o","o","b","b","b","b","x","x","x","win"
"o","b","x","x","x","x","o","o","b","win"
"o","b","x","x","x","x","o","b","o","win"
"o","b","x","x","x","x","b","o","o","win"
"o","b","x","x","x","o","x","o","b","win"
"o","b","x","x","x","o","x","b","o","win"
"o","b","x","x","x","b","x","o","o","win"
"o","b","x","x","o","x","o","b","x","win"
"o","b","x","x","o","x","b","o","x","win"
"o","b","x","x","b","x","o","o","x","win"
"o","b","x","o","x","x","x","o","b","win"
"o","b","x","o","x","x","x","b","o","win"
"o","b","x","o","x","x","b","o","x","win"
"o","b","x","o","x","o","x","x","b","win"
"o","b","x","o","x","o","x","b","x","win"
"o","b","x","o","x","b","x","x","o","win"
"o","b","x","o","x","b","x","o","x","win"
"o","b","x","o","x","b","x","b","b","win"
"o","b","x","o","o","x","x","b","x","win"
"o","b","x","o","o","x","b","x","x","win"
"o","b","x","o","o","b","x","x","x","win"
"o","b","x","o","b","x","x","o","x","win"
"o","b","x","o","b","x","b","b","x","win"
"o","b","x","o","b","o","x","x","x","win"
"o","b","x","b","x","x","x","o","o","win"
"o","b","x","b","x","x","o","o","x","win"
"o","b","x","b","x","o","x","x","o","win"
"o","b","x","b","x","o","x","o","x","win"
"o","b","x","b","x","o","x","b","b","win"
"o","b","x","b","x","b","x","o","b","win"
"o","b","x","b","x","b","x","b","o","win"
"o","b","x","b","o","x","x","o","x","win"
"o","b","x","b","o","x","o","x","x","win"
"o","b","x","b","o","x","b","b","x","win"
"o","b","x","b","o","o","x","x","x","win"
"o","b","x","b","b","x","o","b","x","win"
"o","b","x","b","b","x","b","o","x","win"
"o","b","o","x","x","x","x","o","b","win"
"o","b","o","x","x","x","x","b","o","win"
"o","b","o","x","x","x","o","x","b","win"
"o","b","o","x","x","x","o","b","x","win"
"o","b","o","x","x","x","b","x","o","win"
"o","b","o","x","x","x","b","o","x","win"
"o","b","o","x","x","x","b","b","b","win"
"o","b","o","x","o","b","x","x","x","win"
"o","b","o","x","b","o","x","x","x","win"
"o","b","o","o","x","b","x","x","x","win"
"o","b","o","o","b","x","x","x","x","win"
"o","b","o","b","x","o","x","x","x","win"
"o","b","o","b","o","x","x","x","x","win"
"o","b","o","b","b","b","x","x","x","win"
"o","b","b","x","x","x","x","o","o","win"
"o","b","b","x","x","x","o","x","o","win"
"o","b","b","x","x","x","o","o","x","win"
"o","b","b","x","x","x","o","b","b","win"
"o","b","b","x","x","x","b","o","b","win"
"o","b","b","x","x","x","b","b","o","win"
"o","b","b","x","o","o","x","x","x","win"
"o","b","b","o","x","o","x","x","x","win"
"o","b","b","o","o","x","x","x","x","win"
"o","b","b","o","b","b","x","x","x","win"
"o","b","b","b","o","b","x","x","x","win"
"o","b","b","b","b","o","x","x","x","win"
"b","x","x","o","x","o","x","o","b","win"
"b","x","x","o","x","o","x","b","o","win"
"b","x","x","o","x","o","o","x","b","win"
"b","x","x","o","x","o","b","x","o","win"
"b","x","x","o","x","b","x","o","o","win"
"b","x","x","o","x","b","o","x","o","win"
"b","x","x","o","o","x","o","b","x","win"
"b","x","x","o","o","x","b","o","x","win"
"b","x","x","o","b","x","o","o","x","win"
"b","x","x","b","x","o","x","o","o","win"
"b","x","x","b","x","o","o","x","o","win"
"b","x","x","b","o","x","o","o","x","win"
"b","x","o","x","x","x","o","o","b","win"
"b","x","o","x","x","x","o","b","o","win"
"b","x","o","x","x","x","b","o","o","win"
"b","x","o","x","x","o","o","x","b","win"
"b","x","o","x","x","b","o","x","o","win"
"b","x","o","o","x","x","o","x","b","win"
"b","x","o","o","x","x","b","x","o","win"
"b","x","o","o","x","o","x","x","b","win"
"b","x","o","o","x","o","b","x","x","win"
"b","x","o","o","x","b","x","x","o","win"
"b","x","o","o","x","b","o","x","x","win"
"b","x","o","o","x","b","b","x","b","win"
"b","x","o","o","o","b","x","x","x","win"
"b","x","o","o","b","o","x","x","x","win"
"b","x","o","b","x","x","o","x","o","win"
"b","x","o","b","x","o","o","x","x","win"
"b","x","o","b","x","o","b","x","b","win"
"b","x","o","b","x","b","o","x","b","win"
"b","x","o","b","x","b","b","x","o","win"
"b","x","o","b","o","o","x","x","x","win"
"b","x","b","x","x","o","o","x","o","win"
"b","x","b","o","x","x","o","x","o","win"
"b","x","b","o","x","o","x","x","o","win"
"b","x","b","o","x","o","o","x","x","win"
"b","x","b","o","x","o","b","x","b","win"
"b","x","b","o","x","b","o","x","b","win"
"b","x","b","o","x","b","b","x","o","win"
"b","x","b","b","x","o","o","x","b","win"
"b","x","b","b","x","o","b","x","o","win"
"b","x","b","b","x","b","o","x","o","win"
"b","o","x","x","x","x","o","o","b","win"
"b","o","x","x","x","x","o","b","o","win"
"b","o","x","x","x","x","b","o","o","win"
"b","o","x","x","x","o","x","o","b","win"
"b","o","x","x","x","o","x","b","o","win"
"b","o","x","x","x","b","x","o","o","win"
"b","o","x","x","o","x","o","b","x","win"
"b","o","x","x","b","x","o","o","x","win"
"b","o","x","o","x","x","x","o","b","win"
"b","o","x","o","x","x","x","b","o","win"
"b","o","x","o","x","x","o","b","x","win"
"b","o","x","o","x","x","b","o","x","win"
"b","o","x","o","x","o","x","x","b","win"
"b","o","x","o","x","o","x","b","x","win"
"b","o","x","o","x","b","x","x","o","win"
"b","o","x","o","x","b","x","o","x","win"
"b","o","x","o","x","b","x","b","b","win"
"b","o","x","o","o","x","x","b","x","win"
"b","o","x","o","o","x","b","x","x","win"
"b","o","x","o","o","b","x","x","x","win"
"b","o","x","o","b","x","x","o","x","win"
"b","o","x","o","b","x","o","x","x","win"
"b","o","x","o","b","x","b","b","x","win"
"b","o","x","o","b","o","x","x","x","win"
"b","o","x","b","x","x","x","o","o","win"
"b","o","x","b","x","x","o","o","x","win"
"b","o","x","b","x","o","x","x","o","win"
"b","o","x","b","x","o","x","o","x","win"
"b","o","x","b","x","o","x","b","b","win"
"b","o","x","b","x","b","x","o","b","win"
"b","o","x","b","x","b","x","b","o","win"
"b","o","x","b","o","x","o","x","x","win"
"b","o","x","b","o","x","b","b","x","win"
"b","o","x","b","o","o","x","x","x","win"
"b","o","x","b","b","x","o","b","x","win"
"b","o","x","b","b","x","b","o","x","win"
"b","o","o","x","x","x","x","o","b","win"
"b","o","o","x","x","x","x","b","o","win"
"b","o","o","x","x","x","o","x","b","win"
"b","o","o","x","x","x","o","b","x","win"
"b","o","o","x","x","x","b","x","o","win"
"b","o","o","x","x","x","b","o","x","win"
"b","o","o","x","x","x","b","b","b","win"
"b","o","o","x","o","b","x","x","x","win"
"b","o","o","x","b","o","x","x","x","win"
"b","o","o","o","x","b","x","x","x","win"
"b","o","o","o","b","x","x","x","x","win"
"b","o","o","b","x","o","x","x","x","win"
"b","o","o","b","o","x","x","x","x","win"
"b","o","o","b","b","b","x","x","x","win"
"b","o","b","x","x","x","x","o","o","win"
"b","o","b","x","x","x","o","x","o","win"
"b","o","b","x","x","x","o","o","x","win"
"b","o","b","x","x","x","o","b","b","win"
"b","o","b","x","x","x","b","o","b","win"
"b","o","b","x","x","x","b","b","o","win"
"b","o","b","x","o","o","x","x","x","win"
"b","o","b","o","x","o","x","x","x","win"
"b","o","b","o","o","x","x","x","x","win"
"b","o","b","o","b","b","x","x","x","win"
"b","o","b","b","o","b","x","x","x","win"
"b","o","b","b","b","o","x","x","x","win"
"b","b","x","x","x","o","x","o","o","win"
"b","b","x","x","o","x","o","o","x","win"
"b","b","x","o","x","x","x","o","o","win"
"b","b","x","o","x","x","o","o","x","win"
"b","b","x","o","x","o","x","x","o","win"
"b","b","x","o","x","o","x","o","x","win"
"b","b","x","o","x","o","x","b","b","win"
"b","b","x","o","x","b","x","o","b","win"
"b","b","x","o","x","b","x","b","o","win"
"b","b","x","o","o","x","x","o","x","win"
"b","b","x","o","o","x","o","x","x","win"
"b","b","x","o","o","x","b","b","x","win"
"b","b","x","o","b","x","o","b","x","win"
"b","b","x","o","b","x","b","o","x","win"
"b","b","x","b","x","o","x","o","b","win"
"b","b","x","b","x","o","x","b","o","win"
"b","b","x","b","x","b","x","o","o","win"
"b","b","x","b","o","x","o","b","x","win"
"b","b","x","b","o","x","b","o","x","win"
"b","b","x","b","b","x","o","o","x","win"
"b","b","o","x","x","x","x","o","o","win"
"b","b","o","x","x","x","o","x","o","win"
"b","b","o","x","x","x","o","o","x","win"
"b","b","o","x","x","x","o","b","b","win"
"b","b","o","x","x","x","b","o","b","win"
"b","b","o","x","x","x","b","b","o","win"
"b","b","o","x","o","o","x","x","x","win"
"b","b","o","o","x","o","x","x","x","win"
"b","b","o","o","o","x","x","x","x","win"
"b","b","o","o","b","b","x","x","x","win"
"b","b","o","b","o","b","x","x","x","win"
"b","b","o","b","b","o","x","x","x","win"
"b","b","b","x","x","x","o","o","b","win"
"b","b","b","x","x","x","o","b","o","win"
"b","b","b","x","x","x","b","o","o","win"
"b","b","b","o","o","b","x","x","x","win"
"b","b","b","o","b","o","x","x","x","win"
"b","b","b","b","o","o","x","x","x","win"
"x","x","o","x","x","o","o","b","o","loss"
"x","x","o","x","x","o","b","o","o","loss"
"x","x","o","x","x","b","o","o","o","loss"
"x","x","o","x","o","x","o","o","b","loss"
"x","x","o","x","o","x","o","b","o","loss"
"x","x","o","x","o","o","o","x","b","loss"
"x","x","o","x","o","o","o","b","x","loss"
"x","x","o","x","o","o","b","x","o","loss"
"x","x","o","x","o","b","o","x","o","loss"
"x","x","o","x","o","b","o","o","x","loss"
"x","x","o","x","o","b","o","b","b","loss"
"x","x","o","x","b","x","o","o","o","loss"
"x","x","o","x","b","o","o","x","o","loss"
"x","x","o","x","b","o","b","b","o","loss"
"x","x","o","o","x","o","x","b","o","loss"
"x","x","o","o","o","x","o","x","b","loss"
"x","x","o","o","o","x","o","b","x","loss"
"x","x","o","o","o","o","x","x","b","loss"
"x","x","o","o","o","o","x","b","x","loss"
"x","x","o","o","o","o","b","x","x","loss"
"x","x","o","o","o","b","o","x","x","loss"
"x","x","o","o","b","o","x","x","o","loss"
"x","x","o","b","x","x","o","o","o","loss"
"x","x","o","b","x","o","x","o","o","loss"
"x","x","o","b","x","o","b","b","o","loss"
"x","x","o","b","o","x","o","x","o","loss"
"x","x","o","b","o","x","o","o","x","loss"
"x","x","o","b","o","x","o","b","b","loss"
"x","x","o","b","o","o","x","x","o","loss"
"x","x","o","b","o","o","o","x","x","loss"
"x","x","o","b","o","b","o","x","b","loss"
"x","x","o","b","o","b","o","b","x","loss"
"x","x","o","b","b","o","x","b","o","loss"
"x","x","o","b","b","o","b","x","o","loss"
"x","x","b","x","x","o","o","o","o","loss"
"x","x","b","x","o","x","o","o","o","loss"
"x","x","b","x","b","b","o","o","o","loss"
"x","x","b","o","x","x","o","o","o","loss"
"x","x","b","o","o","o","x","x","o","loss"
"x","x","b","o","o","o","x","o","x","loss"
"x","x","b","o","o","o","x","b","b","loss"
"x","x","b","o","o","o","o","x","x","loss"
"x","x","b","o","o","o","b","x","b","loss"
"x","x","b","o","o","o","b","b","x","loss"
"x","x","b","b","x","b","o","o","o","loss"
"x","x","b","b","b","x","o","o","o","loss"
"x","o","x","x","x","b","o","o","o","loss"
"x","o","x","x","o","x","o","o","b","loss"
"x","o","x","x","o","x","b","o","o","loss"
"x","o","x","x","o","o","b","o","x","loss"
"x","o","x","x","o","b","o","o","x","loss"
"x","o","x","x","o","b","b","o","b","loss"
"x","o","x","x","b","x","o","o","o","loss"
"x","o","x","o","o","x","x","o","b","loss"
"x","o","x","o","o","o","x","x","b","loss"
"x","o","x","o","o","o","x","b","x","loss"
"x","o","x","o","o","o","b","x","x","loss"
"x","o","x","o","o","b","x","o","x","loss"
"x","o","x","b","x","x","o","o","o","loss"
"x","o","x","b","o","x","x","o","o","loss"
"x","o","x","b","o","x","b","o","b","loss"
"x","o","x","b","o","o","x","o","x","loss"
"x","o","x","b","o","b","x","o","b","loss"
"x","o","x","b","o","b","b","o","x","loss"
"x","o","o","x","x","o","b","x","o","loss"
"x","o","o","x","o","x","o","x","b","loss"
"x","o","o","x","o","x","o","b","x","loss"
"x","o","o","x","o","x","b","o","x","loss"
"x","o","o","x","o","b","o","x","x","loss"
"x","o","o","b","x","o","x","x","o","loss"
"x","o","o","b","o","x","x","o","x","loss"
"x","o","o","b","o","x","o","x","x","loss"
"x","o","b","x","o","x","o","o","x","loss"
"x","o","b","x","o","x","b","o","b","loss"
"x","o","b","x","o","b","b","o","x","loss"
"x","o","b","o","o","x","x","o","x","loss"
"x","o","b","b","o","x","x","o","b","loss"
"x","o","b","b","o","x","b","o","x","loss"
"x","o","b","b","o","b","x","o","x","loss"
"x","b","x","x","x","o","o","o","o","loss"
"x","b","x","x","o","x","o","o","o","loss"
"x","b","x","x","b","b","o","o","o","loss"
"x","b","x","o","x","x","o","o","o","loss"
"x","b","x","o","o","o","x","x","o","loss"
"x","b","x","o","o","o","x","o","x","loss"
"x","b","x","o","o","o","x","b","b","loss"
"x","b","x","o","o","o","o","x","x","loss"
"x","b","x","o","o","o","b","x","b","loss"
"x","b","x","o","o","o","b","b","x","loss"
"x","b","x","b","x","b","o","o","o","loss"
"x","b","x","b","b","x","o","o","o","loss"
"x","b","o","x","x","o","o","x","o","loss"
"x","b","o","x","x","o","b","b","o","loss"
"x","b","o","x","o","x","o","x","o","loss"
"x","b","o","x","o","x","o","o","x","loss"
"x","b","o","x","o","x","o","b","b","loss"
"x","b","o","x","o","o","o","x","x","loss"
"x","b","o","x","o","b","o","x","b","loss"
"x","b","o","x","o","b","o","b","x","loss"
"x","b","o","x","b","o","b","x","o","loss"
"x","b","o","o","x","o","x","x","o","loss"
"x","b","o","o","o","x","o","x","x","loss"
"x","b","o","b","x","o","x","b","o","loss"
"x","b","o","b","x","o","b","x","o","loss"
"x","b","o","b","o","x","o","x","b","loss"
"x","b","o","b","o","x","o","b","x","loss"
"x","b","o","b","o","b","o","x","x","loss"
"x","b","o","b","b","o","x","x","o","loss"
"x","b","b","x","x","b","o","o","o","loss"
"x","b","b","x","b","x","o","o","o","loss"
"x","b","b","o","o","o","x","x","b","loss"
"x","b","b","o","o","o","x","b","x","loss"
"x","b","b","o","o","o","b","x","x","loss"
"x","b","b","b","x","x","o","o","o","loss"
"o","x","x","x","x","b","o","o","o","loss"
"o","x","x","x","o","x","o","b","o","loss"
"o","x","x","x","o","x","b","o","o","loss"
"o","x","x","x","o","o","x","b","o","loss"
"o","x","x","x","o","o","b","x","o","loss"
"o","x","x","x","o","b","x","o","o","loss"
"o","x","x","x","o","b","o","x","o","loss"
"o","x","x","x","o","b","b","b","o","loss"
"o","x","x","x","b","x","o","o","o","loss"
"o","x","x","o","x","x","o","o","b","loss"
"o","x","x","o","x","x","o","b","o","loss"
"o","x","x","o","x","o","o","b","x","loss"
"o","x","x","o","x","b","o","o","x","loss"
"o","x","x","o","x","b","o","b","b","loss"
"o","x","x","o","o","x","x","b","o","loss"
"o","x","x","o","o","x","o","x","b","loss"
"o","x","x","o","o","x","b","x","o","loss"
"o","x","x","o","o","o","x","x","b","loss"
"o","x","x","o","o","o","x","b","x","loss"
"o","x","x","o","o","o","b","x","x","loss"
"o","x","x","o","o","b","x","x","o","loss"
"o","x","x","o","o","b","o","x","x","loss"
"o","x","x","o","b","x","o","x","o","loss"
"o","x","x","o","b","x","o","b","b","loss"
"o","x","x","o","b","o","o","x","x","loss"
"o","x","x","o","b","b","o","x","b","loss"
"o","x","x","o","b","b","o","b","x","loss"
"o","x","x","b","x","x","o","o","o","loss"
"o","x","x","b","o","x","x","o","o","loss"
"o","x","x","b","o","x","o","x","o","loss"
"o","x","x","b","o","x","b","b","o","loss"
"o","x","x","b","o","o","x","x","o","loss"
"o","x","x","b","o","b","x","b","o","loss"
"o","x","x","b","o","b","b","x","o","loss"
"o","x","o","x","x","o","x","b","o","loss"
"o","x","o","x","o","x","x","b","o","loss"
"o","x","o","x","o","x","o","x","b","loss"
"o","x","o","x","o","x","o","b","x","loss"
"o","x","o","x","o","x","b","x","o","loss"
"o","x","o","x","o","b","x","x","o","loss"
"o","x","o","x","o","b","o","x","x","loss"
"o","x","o","x","b","o","x","x","o","loss"
"o","x","o","o","x","x","o","b","x","loss"
"o","x","o","o","b","x","o","x","x","loss"
"o","x","o","b","o","x","x","x","o","loss"
"o","x","o","b","o","x","o","x","x","loss"
"o","x","b","x","o","x","x","o","o","loss"
"o","x","b","x","o","x","o","x","o","loss"
"o","x","b","x","o","x","b","b","o","loss"
"o","x","b","x","o","o","x","x","o","loss"
"o","x","b","x","o","b","x","b","o","loss"
"o","x","b","x","o","b","b","x","o","loss"
"o","x","b","o","x","x","o","o","x","loss"
"o","x","b","o","x","x","o","b","b","loss"
"o","x","b","o","x","b","o","b","x","loss"
"o","x","b","o","o","x","x","x","o","loss"
"o","x","b","o","o","x","o","x","x","loss"
"o","x","b","o","b","x","o","x","b","loss"
"o","x","b","o","b","x","o","b","x","loss"
"o","x","b","o","b","b","o","x","x","loss"
"o","x","b","b","o","x","x","b","o","loss"
"o","x","b","b","o","x","b","x","o","loss"
"o","x","b","b","o","b","x","x","o","loss"
"o","o","x","x","o","x","x","o","b","loss"
"o","o","x","x","o","x","x","b","o","loss"
"o","o","x","x","o","x","b","x","o","loss"
"o","o","x","x","o","b","x","x","o","loss"
"o","o","x","x","o","b","x","o","x","loss"
"o","o","x","o","x","x","o","x","b","loss"
"o","o","x","o","x","b","o","x","x","loss"
"o","o","x","b","o","x","x","x","o","loss"
"o","o","o","x","x","o","x","x","b","loss"
"o","o","o","x","x","o","x","b","x","loss"
"o","o","o","x","x","o","b","x","x","loss"
"o","o","o","x","x","b","x","x","o","loss"
"o","o","o","x","x","b","x","o","x","loss"
"o","o","o","x","x","b","x","b","b","loss"
"o","o","o","x","x","b","o","x","x","loss"
"o","o","o","x","x","b","b","x","b","loss"
"o","o","o","x","x","b","b","b","x","loss"
"o","o","o","x","o","x","x","x","b","loss"
"o","o","o","x","o","x","x","b","x","loss"
"o","o","o","x","o","x","b","x","x","loss"
"o","o","o","x","b","x","x","x","o","loss"
"o","o","o","x","b","x","x","o","x","loss"
"o","o","o","x","b","x","x","b","b","loss"
"o","o","o","x","b","x","o","x","x","loss"
"o","o","o","x","b","x","b","x","b","loss"
"o","o","o","x","b","x","b","b","x","loss"
"o","o","o","x","b","b","x","x","b","loss"
"o","o","o","x","b","b","x","b","x","loss"
"o","o","o","x","b","b","b","x","x","loss"
"o","o","o","o","x","x","x","x","b","loss"
"o","o","o","o","x","x","x","b","x","loss"
"o","o","o","o","x","x","b","x","x","loss"
"o","o","o","b","x","x","x","x","o","loss"
"o","o","o","b","x","x","x","o","x","loss"
"o","o","o","b","x","x","x","b","b","loss"
"o","o","o","b","x","x","o","x","x","loss"
"o","o","o","b","x","x","b","x","b","loss"
"o","o","o","b","x","x","b","b","x","loss"
"o","o","o","b","x","b","x","x","b","loss"
"o","o","o","b","x","b","x","b","x","loss"
"o","o","o","b","x","b","b","x","x","loss"
"o","o","o","b","b","x","x","x","b","loss"
"o","o","o","b","b","x","x","b","x","loss"
"o","o","o","b","b","x","b","x","x","loss"
"o","o","b","x","o","x","x","x","o","loss"
"o","o","b","x","o","x","x","o","x","loss"
"o","o","b","o","x","x","o","x","x","loss"
"o","b","x","x","o","x","x","o","o","loss"
"o","b","x","x","o","x","o","x","o","loss"
"o","b","x","x","o","x","b","b","o","loss"
"o","b","x","x","o","o","x","x","o","loss"
"o","b","x","x","o","b","x","b","o","loss"
"o","b","x","x","o","b","b","x","o","loss"
"o","b","x","o","x","x","o","x","o","loss"
"o","b","x","o","x","x","o","b","b","loss"
"o","b","x","o","x","o","o","x","x","loss"
"o","b","x","o","x","b","o","x","b","loss"
"o","b","x","o","x","b","o","b","x","loss"
"o","b","x","o","o","x","x","x","o","loss"
"o","b","x","o","b","x","o","x","b","loss"
"o","b","x","o","b","b","o","x","x","loss"
"o","b","x","b","o","x","x","b","o","loss"
"o","b","x","b","o","x","b","x","o","loss"
"o","b","x","b","o","b","x","x","o","loss"
"o","b","o","x","x","o","x","x","o","loss"
"o","b","o","x","o","x","x","x","o","loss"
"o","b","o","x","o","x","o","x","x","loss"
"o","b","o","o","x","x","o","x","x","loss"
"o","b","b","x","o","x","x","b","o","loss"
"o","b","b","x","o","x","b","x","o","loss"
"o","b","b","x","o","b","x","x","o","loss"
"o","b","b","o","x","x","o","x","b","loss"
"o","b","b","o","x","x","o","b","x","loss"
"o","b","b","o","x","b","o","x","x","loss"
"o","b","b","o","b","x","o","x","x","loss"
"o","b","b","b","o","x","x","x","o","loss"
"b","x","x","x","x","o","o","o","o","loss"
"b","x","x","x","o","x","o","o","o","loss"
"b","x","x","x","b","b","o","o","o","loss"
"b","x","x","o","x","x","o","o","o","loss"
"b","x","x","o","o","o","x","x","o","loss"
"b","x","x","o","o","o","x","o","x","loss"
"b","x","x","o","o","o","x","b","b","loss"
"b","x","x","o","o","o","o","x","x","loss"
"b","x","x","o","o","o","b","x","b","loss"
"b","x","x","o","o","o","b","b","x","loss"
"b","x","x","b","x","b","o","o","o","loss"
"b","x","x","b","b","x","o","o","o","loss"
"b","x","o","x","x","o","x","o","o","loss"
"b","x","o","x","x","o","b","b","o","loss"
"b","x","o","x","o","x","o","x","o","loss"
"b","x","o","x","o","x","o","o","x","loss"
"b","x","o","x","o","x","o","b","b","loss"
"b","x","o","x","o","o","x","x","o","loss"
"b","x","o","x","o","o","o","x","x","loss"
"b","x","o","x","o","b","o","x","b","loss"
"b","x","o","x","o","b","o","b","x","loss"
"b","x","o","x","b","o","x","b","o","loss"
"b","x","o","x","b","o","b","x","o","loss"
"b","x","o","o","o","x","o","x","x","loss"
"b","x","o","b","x","o","x","b","o","loss"
"b","x","o","b","o","x","o","x","b","loss"
"b","x","o","b","o","x","o","b","x","loss"
"b","x","o","b","o","b","o","x","x","loss"
"b","x","o","b","b","o","x","x","o","loss"
"b","x","b","x","x","b","o","o","o","loss"
"b","x","b","x","b","x","o","o","o","loss"
"b","x","b","o","o","o","x","x","b","loss"
"b","x","b","o","o","o","x","b","x","loss"
"b","x","b","o","o","o","b","x","x","loss"
"b","x","b","b","x","x","o","o","o","loss"
"b","o","x","x","o","x","x","o","o","loss"
"b","o","x","x","o","x","b","o","b","loss"
"b","o","x","x","o","o","x","o","x","loss"
"b","o","x","x","o","b","x","o","b","loss"
"b","o","x","x","o","b","b","o","x","loss"
"b","o","x","b","o","x","x","o","b","loss"
"b","o","x","b","o","b","x","o","x","loss"
"b","o","o","x","x","o","x","x","o","loss"
"b","o","o","x","o","x","x","o","x","loss"
"b","o","o","x","o","x","o","x","x","loss"
"b","o","b","x","o","x","x","o","b","loss"
"b","o","b","x","o","x","b","o","x","loss"
"b","o","b","x","o","b","x","o","x","loss"
"b","o","b","b","o","x","x","o","x","loss"
"b","b","x","x","x","b","o","o","o","loss"
"b","b","x","x","b","x","o","o","o","loss"
"b","b","x","o","o","o","x","x","b","loss"
"b","b","x","o","o","o","x","b","x","loss"
"b","b","x","o","o","o","b","x","x","loss"
"b","b","x","b","x","x","o","o","o","loss"
"b","b","o","x","x","o","x","b","o","loss"
"b","b","o","x","x","o","b","x","o","loss"
"b","b","o","x","o","x","o","x","b","loss"
"b","b","o","x","o","x","o","b","x","loss"
"b","b","o","x","o","b","o","x","x","loss"
"b","b","o","x","b","o","x","x","o","loss"
"b","b","o","b","x","o","x","x","o","loss"
"b","b","o","b","o","x","o","x","x","loss"
"x","x","o","o","x","x","x","o","o","loss"
"x","x","o","o","o","x","x","x","o","loss"
"x","x","o","o","o","x","x","o","x","loss"
"x","o","x","x","x","o","o","x","o","loss"
"x","o","x","x","o","x","o","x","o","loss"
"x","o","x","x","o","o","o","x","x","loss"
"x","o","x","o","x","x","o","x","o","loss"
"x","o","x","o","o","x","x","x","o","loss"
"x","o","o","o","x","x","x","x","o","loss"
"o","x","x","x","x","o","o","o","x","loss"
"o","x","x","x","o","o","x","o","x","loss"
"o","x","x","x","o","o","o","x","x","loss"
"o","x","o","x","x","o","x","o","x","loss"
"o","x","o","x","o","x","x","o","x","loss"
"o","x","o","o","x","x","x","o","x","loss"
"o","o","x","x","x","o","o","x","x","loss"
